bin_left,bin_right,midpoint,count_benign,count_attack,count_total
3.3671323598064094e-08,0.01666669719373194,0.00833336543252777,31109,0,31109
0.01666669719373194,0.033333360716140285,0.025000028954936113,0,0,0
0.033333360716140285,0.05000002423854863,0.04166669247734446,0,0,0
0.05000002423854863,0.06666668776095698,0.058333355999752805,0,0,0
0.06666668776095698,0.08333335128336532,0.07500001952216115,0,0,0
0.08333335128336532,0.10000001480577367,0.09166668304456949,0,0,0
0.10000001480577367,0.11666667832818202,0.10833334656697785,0,0,0
0.11666667832818202,0.13333334185059034,0.1250000100893862,0,0,0
0.13333334185059034,0.15000000537299868,0.14166667361179452,0,0,0
0.15000000537299868,0.16666666889540702,0.15833333713420283,0,0,0
0.16666666889540702,0.18333333241781538,0.1750000006566112,0,0,0
0.18333333241781538,0.19999999594022372,0.19166666417901956,0,0,0
0.19999999594022372,0.21666665946263206,0.20833332770142787,0,0,0
0.21666665946263206,0.23333332298504042,0.22499999122383624,0,0,0
0.23333332298504042,0.24999998650744876,0.2416666547462446,0,0,0
0.24999998650744876,0.2666666500298571,0.2583333182686529,0,0,0
0.2666666500298571,0.2833333135522655,0.27499998179106133,0,0,0
0.2833333135522655,0.2999999770746738,0.29166664531346964,0,0,0
0.2999999770746738,0.31666664059708216,0.30833330883587795,0,0,0
0.31666664059708216,0.33333330411949047,0.3249999723582863,0,0,0
0.33333330411949047,0.34999996764189883,0.3416666358806947,0,0,0
0.34999996764189883,0.3666666311643072,0.358333299403103,0,0,0
0.3666666311643072,0.3833332946867155,0.37499996292551135,0,0,0
0.3833332946867155,0.3999999582091239,0.3916666264479197,0,0,0
0.3999999582091239,0.41666662173153224,0.40833328997032803,0,0,0
0.41666662173153224,0.43333328525394055,0.4249999534927364,0,0,0
0.43333328525394055,0.4499999487763489,0.44166661701514476,0,0,0
0.4499999487763489,0.4666666122987573,0.45833328053755307,0,0,0
0.4666666122987573,0.4833332758211656,0.47499994405996143,0,0,0
0.4833332758211656,0.49999993934357395,0.4916666075823698,0,0,0
0.49999993934357395,0.5166666028659823,0.5083332711047781,0,0,0
0.5166666028659823,0.5333332663883906,0.5249999346271865,0,0,0
0.5333332663883906,0.5499999299107989,0.5416665981495947,0,0,0
0.5499999299107989,0.5666665934332074,0.5583332616720031,0,0,0
0.5666665934332074,0.5833332569556157,0.5749999251944116,0,0,0
0.5833332569556157,0.599999920478024,0.5916665887168198,0,0,0
0.599999920478024,0.6166665840004324,0.6083332522392282,0,0,0
0.6166665840004324,0.6333332475228407,0.6249999157616366,0,0,0
0.6333332475228407,0.649999911045249,0.6416665792840448,0,0,0
0.649999911045249,0.6666665745676573,0.6583332428064532,0,0,0
0.6666665745676573,0.6833332380900657,0.6749999063288615,0,0,0
0.6833332380900657,0.699999901612474,0.6916665698512698,0,0,0
0.699999901612474,0.7166665651348824,0.7083332333736783,0,0,0
0.7166665651348824,0.7333332286572908,0.7249998968960866,0,0,0
0.7333332286572908,0.7499998921796991,0.7416665604184949,0,0,0
0.7499998921796991,0.7666665557021074,0.7583332239409033,0,0,0
0.7666665557021074,0.7833332192245158,0.7749998874633116,0,0,0
0.7833332192245158,0.7999998827469241,0.7916665509857199,0,0,0
0.7999998827469241,0.8166665462693324,0.8083332145081283,0,0,0
0.8166665462693324,0.8333332097917409,0.8249998780305366,0,0,0
0.8333332097917409,0.8499998733141492,0.841666541552945,0,0,0
0.8499998733141492,0.8666665368365575,0.8583332050753534,0,0,0
0.8666665368365575,0.8833332003589659,0.8749998685977617,0,0,0
0.8833332003589659,0.8999998638813742,0.89166653212017,0,0,0
0.8999998638813742,0.9166665274037825,0.9083331956425784,0,0,0
0.9166665274037825,0.9333331909261909,0.9249998591649867,0,0,0
0.9333331909261909,0.9499998544485992,0.941666522687395,0,0,0
0.9499998544485992,0.9666665179710076,0.9583331862098035,0,0,0
0.9666665179710076,0.9833331814934159,0.9749998497322117,0,0,0
0.9833331814934159,0.9999998450158243,0.9916665132546201,0,6180,6180
