alpha_anom,mode,attack,run_id
0,incremental,Worms,2025-12-11T23-48-36_incremental_4bgw9ebf
0.1,incremental,Worms,2025-12-11T23-51-12_incremental_3pmhwmo1
0.3,incremental,Worms,2025-12-11T23-54-04_incremental_7mr9ra1k
0.5,incremental,Worms,2025-12-11T23-56-58_incremental_lnnel3ci
1.0,incremental,Worms,2025-12-11T23-59-53_incremental_4tv7gkg6
2.0,incremental,Worms,2025-12-12T00-02-42_incremental_49hfj6fq
4.0,incremental,Worms,2025-12-12T00-05-34_incremental_jg9xco9j
6.0,incremental,Worms,2025-12-12T00-08-31_incremental_a6nfjsmh
8.0,incremental,Worms,2025-12-12T00-11-24_incremental_tdp3g6mf
10.0,incremental,Worms,2025-12-12T00-14-18_incremental_mrflekhl
0,single,Worms,2025-12-12T00-17-10_single_lnhkbe04
0.1,single,Worms,2025-12-12T00-17-48_single_cm9slz7n
0.3,single,Worms,2025-12-12T00-18-30_single_gxvj9hfs
0.5,single,Worms,2025-12-12T00-19-13_single_ho5wg3ap
1.0,single,Worms,2025-12-12T00-19-55_single_jj5xxz2d
2.0,single,Worms,2025-12-12T00-20-36_single_m03bn6me
4.0,single,Worms,2025-12-12T00-21-18_single_lw7yrnxa
6.0,single,Worms,2025-12-12T00-21-59_single_ws6ib4ah
8.0,single,Worms,2025-12-12T00-22-41_single_nul945o7
10.0,single,Worms,2025-12-12T00-23-23_single_runkavo8
0,incremental,DoS,2025-12-12T00-24-06_incremental_t8xr7t7o
0.1,incremental,DoS,2025-12-12T00-26-43_incremental_8flnfgw9
0.3,incremental,DoS,2025-12-12T00-29-34_incremental_g8bowqvs
0.5,incremental,DoS,2025-12-12T00-32-27_incremental_4kmxzxwd
1.0,incremental,DoS,2025-12-12T00-35-15_incremental_dq7r3lt4
2.0,incremental,DoS,2025-12-12T00-38-04_incremental_o13y3c5z
4.0,incremental,DoS,2025-12-12T00-40-53_incremental_b9k9j6to
6.0,incremental,DoS,2025-12-12T00-43-42_incremental_gkz31ba4
8.0,incremental,DoS,2025-12-12T00-46-27_incremental_w6zngl0m
10.0,incremental,DoS,2025-12-12T00-49-14_incremental_ieufsuq2
0,single,DoS,2025-12-12T00-52-03_single_2qxx576u
0.1,single,DoS,2025-12-12T00-52-40_single_3hgwt11h
0.3,single,DoS,2025-12-12T00-53-19_single_nh5o957x
0.5,single,DoS,2025-12-12T00-54-00_single_dvqr3pyx
1.0,single,DoS,2025-12-12T00-54-42_single_6d12n7ge
2.0,single,DoS,2025-12-12T00-55-21_single_au2rh79b
4.0,single,DoS,2025-12-12T00-56-01_single_j0z602kc
6.0,single,DoS,2025-12-12T00-56-43_single_3txnkcd0
8.0,single,DoS,2025-12-12T00-57-23_single_dd060j78
10.0,single,DoS,2025-12-12T00-58-01_single_i6rve9lz
0,incremental,Analysis,2025-12-12T00-58-43_incremental_19vqwap1
0.1,incremental,Analysis,2025-12-12T01-01-14_incremental_c3h56vc3
0.3,incremental,Analysis,2025-12-12T01-04-01_incremental_p3o5cun7
0.5,incremental,Analysis,2025-12-12T01-06-49_incremental_3zto8cqi
1.0,incremental,Analysis,2025-12-12T01-09-32_incremental_euwqibls
2.0,incremental,Analysis,2025-12-12T01-12-22_incremental_5au1s450
4.0,incremental,Analysis,2025-12-12T01-15-05_incremental_t9o6f70l
6.0,incremental,Analysis,2025-12-12T01-17-51_incremental_xdu7ly8k
8.0,incremental,Analysis,2025-12-12T01-20-36_incremental_9yy4kkmw
10.0,incremental,Analysis,2025-12-12T01-23-28_incremental_j35xkkar
0,single,Analysis,2025-12-12T01-26-13_single_p56rldsv
0.1,single,Analysis,2025-12-12T01-26-51_single_o2p7trrg
0.3,single,Analysis,2025-12-12T01-27-32_single_259drfv4
0.5,single,Analysis,2025-12-12T01-28-12_single_1pf1e73l
1.0,single,Analysis,2025-12-12T01-28-52_single_quw7i1bg
2.0,single,Analysis,2025-12-12T01-29-33_single_hsrbdili
4.0,single,Analysis,2025-12-12T01-30-14_single_qeuna04h
6.0,single,Analysis,2025-12-12T01-30-55_single_ynlz2v43
8.0,single,Analysis,2025-12-12T01-31-35_single_ddeoqs8s
10.0,single,Analysis,2025-12-12T01-32-17_single_2rn240hr
0,incremental,Backdoor,2025-12-12T01-32-59_incremental_ytwaanjq
0.1,incremental,Backdoor,2025-12-12T01-35-38_incremental_6j0sqsmm
0.3,incremental,Backdoor,2025-12-12T01-38-24_incremental_qge5rfpc
0.5,incremental,Backdoor,2025-12-12T01-41-09_incremental_eua2wbfj
1.0,incremental,Backdoor,2025-12-12T01-43-54_incremental_3u171unn
2.0,incremental,Backdoor,2025-12-12T01-46-40_incremental_a4tfxzdt
4.0,incremental,Backdoor,2025-12-12T01-49-30_incremental_fkkj7upz
6.0,incremental,Backdoor,2025-12-12T01-52-16_incremental_4cjos8z2
8.0,incremental,Backdoor,2025-12-12T01-55-06_incremental_0kxc30ad
10.0,incremental,Backdoor,2025-12-12T01-57-55_incremental_hbvn07mm
0,single,Backdoor,2025-12-12T02-00-44_single_to72yn9s
0.1,single,Backdoor,2025-12-12T02-01-20_single_cvi32uwu
0.3,single,Backdoor,2025-12-12T02-01-59_single_3ermpm4t
0.5,single,Backdoor,2025-12-12T02-02-39_single_pbi4ptt6
1.0,single,Backdoor,2025-12-12T02-03-21_single_1lyemk3y
2.0,single,Backdoor,2025-12-12T02-04-02_single_l6gs09om
4.0,single,Backdoor,2025-12-12T02-04-42_single_04uegk5c
6.0,single,Backdoor,2025-12-12T02-05-22_single_kxgvyyp7
8.0,single,Backdoor,2025-12-12T02-06-02_single_04d2ojnl
10.0,single,Backdoor,2025-12-12T02-06-45_single_lmtyren4
0,incremental,Exploits,2025-12-12T02-07-24_incremental_l48hpnf9
0.1,incremental,Exploits,2025-12-12T02-09-55_incremental_zdi9wtsj
0.3,incremental,Exploits,2025-12-12T02-12-45_incremental_wc2bq141
0.5,incremental,Exploits,2025-12-12T02-15-30_incremental_9sez6dv5
1.0,incremental,Exploits,2025-12-12T02-18-14_incremental_idv185cz
2.0,incremental,Exploits,2025-12-12T02-21-01_incremental_ukldl9zq
4.0,incremental,Exploits,2025-12-12T02-23-47_incremental_jx2b34xe
6.0,incremental,Exploits,2025-12-12T02-26-34_incremental_xovjs75u
8.0,incremental,Exploits,2025-12-12T02-29-23_incremental_g8afk7mn
10.0,incremental,Exploits,2025-12-12T02-32-13_incremental_z65ceido
0,single,Exploits,2025-12-12T02-35-02_single_83sd1y36
0.1,single,Exploits,2025-12-12T02-35-36_single_cuuz1d2t
0.3,single,Exploits,2025-12-12T02-36-16_single_irxkm4o3
0.5,single,Exploits,2025-12-12T02-36-59_single_gzj4ihbg
1.0,single,Exploits,2025-12-12T02-37-39_single_9qe6xfhh
2.0,single,Exploits,2025-12-12T02-38-19_single_a1pmg9wj
4.0,single,Exploits,2025-12-12T02-38-59_single_zj1w38bd
6.0,single,Exploits,2025-12-12T02-39-36_single_pgbxcuwh
8.0,single,Exploits,2025-12-12T02-40-18_single_ao6mhfm9
10.0,single,Exploits,2025-12-12T02-40-59_single_wz42k1br
0,incremental,Fuzzers,2025-12-12T02-41-40_incremental_mp60pvv4
0.1,incremental,Fuzzers,2025-12-12T02-44-20_incremental_k9dp8kwd
0.3,incremental,Fuzzers,2025-12-12T02-47-05_incremental_wnj2h9os
0.5,incremental,Fuzzers,2025-12-12T02-49-57_incremental_9n6gt8k0
1.0,incremental,Fuzzers,2025-12-12T02-52-45_incremental_2e1461rj
2.0,incremental,Fuzzers,2025-12-12T02-55-33_incremental_7j3l5vw1
4.0,incremental,Fuzzers,2025-12-12T02-58-20_incremental_mcnd6dz5
6.0,incremental,Fuzzers,2025-12-12T03-01-11_incremental_iwb5o2hw
8.0,incremental,Fuzzers,2025-12-12T03-03-56_incremental_m7kvsndz
10.0,incremental,Fuzzers,2025-12-12T03-06-42_incremental_ivwpks9b
0,single,Fuzzers,2025-12-12T03-09-29_single_sof7q8y7
0.1,single,Fuzzers,2025-12-12T03-10-06_single_j10q179u
0.3,single,Fuzzers,2025-12-12T03-10-45_single_t8ualdvy
0.5,single,Fuzzers,2025-12-12T03-11-25_single_te1ko29x
1.0,single,Fuzzers,2025-12-12T03-12-06_single_mamvp9ma
2.0,single,Fuzzers,2025-12-12T03-12-45_single_3q1fnv1m
4.0,single,Fuzzers,2025-12-12T03-13-23_single_ds9dhu4r
6.0,single,Fuzzers,2025-12-12T03-14-02_single_0jynwu5k
8.0,single,Fuzzers,2025-12-12T03-14-44_single_w41ipxmu
10.0,single,Fuzzers,2025-12-12T03-15-24_single_wo0ney0w
0,incremental,Generic,2025-12-12T03-16-06_incremental_acqggehv
0.1,incremental,Generic,2025-12-12T03-18-37_incremental_zc5u1woe
0.3,incremental,Generic,2025-12-12T03-21-26_incremental_0qcaiajr
0.5,incremental,Generic,2025-12-12T03-24-12_incremental_mexqx7er
1.0,incremental,Generic,2025-12-12T03-27-03_incremental_1yz73xk7
2.0,incremental,Generic,2025-12-12T03-29-52_incremental_qq32mcrr
4.0,incremental,Generic,2025-12-12T03-32-37_incremental_019b4oei
6.0,incremental,Generic,2025-12-12T03-35-25_incremental_zxq6maov
8.0,incremental,Generic,2025-12-12T03-38-13_incremental_6z82hz4w
10.0,incremental,Generic,2025-12-12T03-41-01_incremental_0k4d0puy
0,single,Generic,2025-12-12T03-43-50_single_l8ig43j3
0.1,single,Generic,2025-12-12T03-44-27_single_hktnnjss
0.3,single,Generic,2025-12-12T03-45-07_single_g2oc042h
0.5,single,Generic,2025-12-12T03-45-48_single_uadbbweg
1.0,single,Generic,2025-12-12T03-46-27_single_16acyro0
2.0,single,Generic,2025-12-12T03-47-06_single_wqh02xoq
4.0,single,Generic,2025-12-12T03-47-43_single_ysk8nu15
6.0,single,Generic,2025-12-12T03-48-23_single_1rr9p8ob
8.0,single,Generic,2025-12-12T03-49-01_single_slvasea1
10.0,single,Generic,2025-12-12T03-49-39_single_tedu6v3r
0,incremental,Reconnaissance,2025-12-12T03-50-21_incremental_va9o003a
0.1,incremental,Reconnaissance,2025-12-12T03-52-51_incremental_nbjnjqii
0.3,incremental,Reconnaissance,2025-12-12T03-55-41_incremental_7m5n0fn4
0.5,incremental,Reconnaissance,2025-12-12T03-58-30_incremental_5xlryyic
1.0,incremental,Reconnaissance,2025-12-12T04-01-20_incremental_px8hxhm9
2.0,incremental,Reconnaissance,2025-12-12T04-04-12_incremental_sm0uymva
4.0,incremental,Reconnaissance,2025-12-12T04-07-01_incremental_uplaph3h
6.0,incremental,Reconnaissance,2025-12-12T04-09-51_incremental_zskfckn1
8.0,incremental,Reconnaissance,2025-12-12T04-12-40_incremental_1yhinc34
10.0,incremental,Reconnaissance,2025-12-12T04-15-30_incremental_yhz6efwf
0,single,Reconnaissance,2025-12-12T04-18-19_single_pseubk3m
0.1,single,Reconnaissance,2025-12-12T04-18-55_single_j05xhlpe
0.3,single,Reconnaissance,2025-12-12T04-19-35_single_ybouhear
0.5,single,Reconnaissance,2025-12-12T04-20-16_single_qjde2507
1.0,single,Reconnaissance,2025-12-12T04-20-57_single_t8z15xz4
2.0,single,Reconnaissance,2025-12-12T04-21-39_single_opr0qq6s
4.0,single,Reconnaissance,2025-12-12T04-22-19_single_fcy51c6u
6.0,single,Reconnaissance,2025-12-12T04-23-01_single_l9y92dvj
8.0,single,Reconnaissance,2025-12-12T04-23-40_single_bkpy96d8
10.0,single,Reconnaissance,2025-12-12T04-24-18_single_p8be0v8i
0,incremental,Shellcode,2025-12-12T04-24-59_incremental_qx61qjve
0.1,incremental,Shellcode,2025-12-12T04-27-31_incremental_ov0tf4bi
0.3,incremental,Shellcode,2025-12-12T04-30-20_incremental_rntr7r6k
0.5,incremental,Shellcode,2025-12-12T04-33-11_incremental_2kwuq0af
1.0,incremental,Shellcode,2025-12-12T04-35-59_incremental_la9j1sy5
2.0,incremental,Shellcode,2025-12-12T04-38-43_incremental_mrhgzel0
4.0,incremental,Shellcode,2025-12-12T04-41-33_incremental_nmb3ygzc
6.0,incremental,Shellcode,2025-12-12T04-44-17_incremental_dbls6vvf
8.0,incremental,Shellcode,2025-12-12T04-47-06_incremental_7zqf2b93
10.0,incremental,Shellcode,2025-12-12T04-49-54_incremental_9972yc1x
0,single,Shellcode,2025-12-12T04-52-40_single_nh3ebmxc
0.1,single,Shellcode,2025-12-12T04-53-16_single_lxag7ysa
0.3,single,Shellcode,2025-12-12T04-53-58_single_drcl5k19
0.5,single,Shellcode,2025-12-12T04-54-40_single_l55lfzum
1.0,single,Shellcode,2025-12-12T04-55-21_single_m7icbhix
2.0,single,Shellcode,2025-12-12T04-55-59_single_pifoz3q6
4.0,single,Shellcode,2025-12-12T04-56-40_single_czze4lvn
6.0,single,Shellcode,2025-12-12T04-57-20_single_pe6su6ta
8.0,single,Shellcode,2025-12-12T04-58-00_single_9nk3t3n6
10.0,single,Shellcode,2025-12-12T04-58-41_single_2zloqy4g
