alpha_anom,mode,block_id,model_path,dict_path
0,incremental,2025-12-16T01-17-20_incremental_1lmblwf5
0,incremental,2025-12-16T01-20-07_incremental_le72atjs
0,incremental,2025-12-16T01-22-49_incremental_k3zx6vcj
0,incremental,2025-12-16T01-25-28_incremental_c0jjhw1b
0,incremental,2025-12-16T01-28-04_incremental_9677n703
0,incremental,2025-12-16T01-30-43_incremental_acxlxdn4
4,incremental,2025-12-16T01-33-22_incremental_cazsozye
4,incremental,2025-12-16T01-36-25_incremental_ccs1pghj
4,incremental,2025-12-16T01-39-24_incremental_geqb8oce
4,incremental,2025-12-16T01-42-25_incremental_f1gpyb5h
